Modèle,Precision@10,Recall@10,NDCG@10,MAP,Coverage,ILD,Personalization,Cold Start
ALS (collaboratif),0.0065,0.0019,0.0057,0.0005,0.0304,0.9803297968353654,0.8552273904044765,Non
TF-IDF (content),0.0118,0.003,0.0134,0.0012,0.0504,0.846,0.9996,Oui
Hybride,0.005,0.0025,0.0065,0.0011,0.006667808414682879,0.9723674253585299,0.8838719220215463,Partiel
